<?xml version="1.0" encoding="UTF-8"?>
<project-private xmlns="http://www.netbeans.org/ns/project-private/1">
    <editor-bookmarks xmlns="http://www.netbeans.org/ns/editor-bookmarks/2" lastBookmarkId="0"/>
    <open-files xmlns="http://www.netbeans.org/ns/projectui-open-files/2">
        <group>
            <file>file:/D:/Halfa/DANIA/DECEMBER%202019%20PROGRAMMING%20PROJECT/ProjectCJavaApp/src/java_hotel_system/MY_CONNECTION.java</file>
            <file>file:/D:/Halfa/DANIA/DECEMBER%202019%20PROGRAMMING%20PROJECT/ProjectCJavaApp/src/java_hotel_system/ManageRoomsForm.java</file>
            <file>file:/D:/Halfa/DANIA/DECEMBER%202019%20PROGRAMMING%20PROJECT/ProjectCJavaApp/src/java_hotel_system/CLIENT.java</file>
            <file>file:/D:/Halfa/DANIA/DECEMBER%202019%20PROGRAMMING%20PROJECT/ProjectCJavaApp/src/java_hotel_system/ROOMS.java</file>
            <file>file:/D:/Halfa/DANIA/DECEMBER%202019%20PROGRAMMING%20PROJECT/ProjectCJavaApp/src/java_hotel_system/RESERVATION.java</file>
            <file>file:/D:/Halfa/DANIA/DECEMBER%202019%20PROGRAMMING%20PROJECT/ProjectCJavaApp/src/java_hotel_system/ManageReservationsForm.java</file>
        </group>
    </open-files>
</project-private>
